frequency_hz,u_x_amp,u_x_amp_norm,u_x_amp_norm_log,u_y_amp,u_y_amp_norm,u_y_amp_norm_log,u_z_amp,u_z_amp_norm,u_z_amp_norm_log,theta_x_amp,theta_x_amp_norm,theta_x_amp_norm_log,theta_y_amp,theta_y_amp_norm,theta_y_amp_norm_log,theta_z_amp,theta_z_amp_norm,theta_z_amp_norm_log
0.0,5.2474385427599395e-06,8.858880041804421e-05,8.858880041804421e-05,0.16557399581335547,0.05190346468286931,0.05190346468286931,1.1948896244147877,0.3029011029044358,0.3029011029044358,0.004757563605337467,0.000514611811985139,0.000514611811985139,1.7198592930283219,0.3173704982484331,0.3173704982484331,0.277391043195349,0.06333748253170346,0.06333748253170346
2.4937655860349124,2.613667059026137e-06,4.4124695804346004e-05,4.4124695804346004e-05,0.06632353825469298,0.020790833781204898,0.020790833781204898,0.6661735209190084,0.16887308257524242,0.16887308257524242,0.002391255553489139,0.0002586551553236217,0.0002586551553236217,0.8862738406359115,0.16354661775376977,0.16354661775376977,0.1098914450479854,0.025091824887109863,0.025091824887109863
4.987531172069825,1.7628303127315763e-08,2.9760619676227507e-07,2.9760619676227507e-07,1.2565331593701385,0.3938929186304119,0.3938929186304119,3.9448176746710995,1.0,1.0,1.6771789865337549e-06,1.814155708428648e-07,1.814155708428648e-07,5.419089998976655,1.0,1.0,1.7252165562077109,0.39392358251185094,0.39392358251185094
7.481296758104737,1.4915699507182606e-08,2.5181122484234687e-07,2.5181122484234687e-07,3.19003744403219,1.0,1.0,3.320632465851377,0.8417708344729102,0.8417708344729102,1.1339893398562773e-06,1.2266032729453684e-07,1.2266032729453684e-07,4.5624413611596255,0.8419202046877244,0.8419202046877244,4.379571655006993,1.0,1.0
9.97506234413965,1.418145246992716e-08,2.3941545046387243e-07,2.3941545046387243e-07,1.9984639610977044,0.6264703772792262,0.6264703772792262,0.46558252767053054,0.11802383939312193,0.11802383939312193,1.8489492558932026e-06,1.9999546107514068e-07,1.9999546107514068e-07,0.6391359161925054,0.11794155777320553,0.11794155777320553,2.7438403461569294,0.6265088374613084,0.6265088374613084
12.468827930174562,1.3880912817914061e-08,2.3434165168891934e-07,2.3434165168891934e-07,0.11255477114655064,0.035283213166389056,0.035283213166389056,0.07955724455469472,0.020167533994160537,0.020167533994160537,2.2321135316461407e-06,2.4144122588046615e-07,2.4144122588046615e-07,0.10870665772744983,0.02005994691875907,0.02005994691875907,0.15440252688091136,0.03525516626823287,0.03525516626823287
14.962593516209473,1.3785925384379046e-08,2.3273804590619593e-07,2.3273804590619593e-07,0.025263120954113594,0.007919380696102785,0.007919380696102785,0.02731421700352887,0.006924075903154688,0.006924075903154688,2.4978811499273155e-06,2.7018853583912065e-07,2.7018853583912065e-07,0.036794381018284014,0.0067897711654968445,0.0067897711654968445,0.03453464403418251,0.007885393082837313,0.007885393082837313
17.456359102244388,1.3722805763733001e-08,2.3167244191096855e-07,2.3167244191096855e-07,0.009830359124930771,0.0030815811091249295,0.0030815811091249295,0.012308168636387706,0.0031200855531083333,0.0031200855531083333,2.71739062198455e-06,2.939322367192399e-07,2.939322367192399e-07,0.0160027633956497,0.0029530351772477804,0.0029530351772477804,0.013316946427587259,0.003040696094642615,0.003040696094642615
19.9501246882793,1.3750802635758618e-08,2.3214509333661104e-07,2.3214509333661104e-07,0.004871425536574177,0.0015270747199809423,0.0015270747199809423,0.006366947278770187,0.0016140029283612032,0.0016140029283612032,2.9175444891214285e-06,3.155822981346218e-07,3.155822981346218e-07,0.00778819524779748,0.0014371776902151853,0.0014371776902151853,0.006472922834586776,0.001477980803713198,0.001477980803713198
22.44389027431421,1.3778439343578249e-08,2.3261166436422662e-07,2.3261166436422662e-07,0.0027621477750101376,0.0008658668819632405,0.0008658668819632405,0.0035181389781253677,0.0008918381705483242,0.0008918381705483242,3.11019906364663e-06,3.3642118288908166e-07,3.3642118288908166e-07,0.005143609522003477,0.0009491648086624877,0.0009491648086624877,0.003541952241918815,0.0008087439870676484,0.0008087439870676484
24.937655860349125,1.3842914793875516e-08,2.337001578742895e-07,2.337001578742895e-07,0.0016948975116220636,0.000531309597883504,0.000531309597883504,0.002307551479191295,0.0005849577013426071,0.0005849577013426071,3.3001838974577325e-06,3.569712895587101e-07,3.569712895587101e-07,0.00843911545474258,0.001557293836481075,0.001557293836481075,0.0020773596362740543,0.00047432940933826034,0.00047432940933826034
27.431421446384036,1.3934988015255897e-08,2.352545650705333e-07,2.352545650705333e-07,0.001085281071038277,0.00034020950853369536,0.00034020950853369536,0.0038034102546346113,0.0009641536233868457,0.0009641536233868457,3.4897325026030457e-06,3.7747421064286574e-07,3.7747421064286574e-07,0.019508540676507098,0.003599966171477334,0.003599966171477334,0.0014230182720355899,0.0003249217923877804,0.0003249217923877804
29.925187032418947,1.4014323658366441e-08,2.3659393272511102e-07,2.3659393272511102e-07,0.0007211889811588016,0.00022607539686030225,0.00022607539686030225,0.011621393138772513,0.002945989928353647,0.002945989928353647,3.6790265973080766e-06,3.9794960207325165e-07,3.9794960207325165e-07,0.05669481793892884,0.0104620550589924,0.0104620550589924,0.0015902593206284796,0.00036310841468032573,0.00036310841468032573
32.41895261845386,1.413322847022353e-08,2.3860131872125316e-07,2.3860131872125316e-07,0.0005967725832003433,0.00018707384902856377,0.00018707384902856377,0.06668428119982364,0.01690427459499341,0.01690427459499341,3.867767065690832e-06,4.1836510935525763e-07,4.1836510935525763e-07,0.3167976573212061,0.05845956745155191,0.05845956745155191,0.002580462885709734,0.0005892043991926908,0.0005892043991926908
34.912718204488776,1.4250386874280476e-08,2.405792213474054e-07,2.405792213474054e-07,0.000878247648804632,0.0002753095110051535,0.0002753095110051535,0.5188779928837629,0.13153408742192998,0.13153408742192998,4.054484367245285e-06,4.3856177656830624e-07,4.3856177656830624e-07,2.4537963541011982,0.45280597933685823,0.45280597933685823,0.0046120914364142195,0.0010530919002412931,0.0010530919002412931
37.40648379052369,1.4383308822386566e-08,2.4282324875925474e-07,2.4282324875925474e-07,0.0017730139500951377,0.0005557972221962566,0.0005557972221962566,0.6426116382694781,0.16290021270071905,0.16290021270071905,4.237893314808553e-06,4.584005887565304e-07,4.584005887565304e-07,3.0408232665245634,0.5611317153062221,0.5611317153062221,0.008945198030497734,0.0020424824012802802,0.0020424824012802802
39.9002493765586,1.4550521836232545e-08,2.4564618802575443e-07,2.4564618802575443e-07,0.004167908571162107,0.0013065390749438643,0.0013065390749438643,0.18328039732129894,0.04646105661564701,0.04646105661564701,4.415396355376301e-06,4.776005761696175e-07,4.776005761696175e-07,0.8665575237174694,0.15990831004488038,0.15990831004488038,0.020200303141797396,0.0046123924285388,0.0046123924285388
42.39401496259351,1.4692629455992233e-08,2.480452906473838e-07,2.480452906473838e-07,0.01303168990674068,0.004085121298848673,0.004085121298848673,0.018516636414508066,0.004693914381239913,0.004693914381239913,4.584637770994499e-06,4.959069276509726e-07,4.959069276509726e-07,0.08719453949211262,0.01609025491523088,0.01609025491523088,0.061977399164515785,0.014151475086304263,0.014151475086304263
44.88778054862842,1.487802404001861e-08,2.511751765277167e-07,2.511751765277167e-07,0.09742107578187353,0.030539163721769305,0.030539163721769305,0.0057408575959716395,0.0014552909841264808,0.0014552909841264808,4.741794303454052e-06,5.1290609248475e-07,5.1290609248475e-07,0.026831393835638716,0.004951272970315233,0.004951272970315233,0.46042113046042615,0.10512926074266754,0.10512926074266754
47.38154613466334,1.505225020125539e-08,2.541165138105902e-07,2.541165138105902e-07,0.450350003560522,0.14117389261465285,0.14117389261465285,0.002538781683087456,0.0006435738968085838,0.0006435738968085838,4.883194047832785e-06,5.282008913997534e-07,5.282008913997534e-07,0.011735896774419571,0.0021656582150574705,0.0021656582150574705,2.126419899002928,0.485531478077742,0.485531478077742
49.87531172069825,1.5247162605455636e-08,2.5740708232968616e-07,2.5740708232968616e-07,0.4327545659819872,0.13565814620501376,0.13565814620501376,0.0013556102992982432,0.0003436433343934629,0.0003436433343934629,5.002993722607174e-06,5.411592736359286e-07,5.411592736359286e-07,0.006176317718725487,0.0011397333721882875,0.0011397333721882875,2.0438812795264525,0.46668520132323055,0.46668520132323055
52.36907730673316,1.546980613291927e-08,2.611658158256808e-07,2.611658158256808e-07,0.08143481421373383,0.02552785528147302,0.02552785528147302,0.0008157081127985027,0.00020677967401028558,0.00020677967401028558,5.09542671801436e-06,5.511574817944787e-07,5.511574817944787e-07,0.003650466531238036,0.000673630910711465,0.000673630910711465,0.38435105879454207,0.0877599658302493,0.0877599658302493
54.86284289276807,1.5673593001561573e-08,2.646062056629053e-07,2.646062056629053e-07,0.012239530713770846,0.0038367984478264137,0.0038367984478264137,0.0005335005790030198,0.00013524087118867937,0.00013524087118867937,5.151995769493558e-06,5.57276391492571e-07,5.57276391492571e-07,0.002337846034423898,0.0004314093389970232,0.0004314093389970232,0.05761472661682908,0.013155333707341085,0.013155333707341085
57.35660847880298,1.592946989745158e-08,2.689259946565018e-07,2.689259946565018e-07,0.004162293666012738,0.0013047789372502229,0.0013047789372502229,0.00037112130986691823,9.407819079949255e-05,9.407819079949255e-05,5.162958698513972e-06,5.584622196255949e-07,5.584622196255949e-07,0.0015884976733376607,0.0002931299671416481,0.0002931299671416481,0.01949432175384815,0.004451193698717329,0.004451193698717329
59.850374064837894,1.61537953158198e-08,2.7271312232928523e-07,2.7271312232928523e-07,0.0019245549098874477,0.0006033016676615622,0.0006033016676615622,0.00027067480955353347,6.861529020504124e-05,6.861529020504124e-05,5.115521570961888e-06,5.533310835673064e-07,5.533310835673064e-07,0.0011300035955965524,0.00020852275858307265,0.00020852275858307265,0.008945465760147962,0.0020425435327495922,0.0020425435327495922
62.34413965087281,1.6426887560720425e-08,2.773235459068223e-07,2.773235459068223e-07,0.001055119417770037,0.00033075455579492256,0.00033075455579492256,0.0002048711776143043,5.193425767931987e-05,5.193425767931987e-05,4.994099308072331e-06,5.401971906959996e-07,5.401971906959996e-07,0.0008343165093256514,0.00015395878449761942,0.00015395878449761942,0.004854712522777734,0.0011084902600526083,0.0011084902600526083
64.83790523690772,1.6680065705980156e-08,2.8159777379874694e-07,2.8159777379874694e-07,0.0006458473191741882,0.00020245759822738656,0.00020245759822738656,0.0001596670930870778,4.047515151644875e-05,4.047515151644875e-05,4.778734857974823e-06,5.169018447803878e-07,5.169018447803878e-07,0.0006359216247139808,0.00011734841547825717,0.00011734841547825717,0.0029343869495374935,0.0006700168830855236,0.0006700168830855236
67.33167082294264,1.6983417812545023e-08,2.867190532584076e-07,2.867190532584076e-07,0.0004273022684169731,0.00013394898207742207,0.00013394898207742207,0.00012731673873130897,3.227442919574833e-05,3.227442919574833e-05,4.444479092944505e-06,4.807463712695865e-07,4.807463712695865e-07,0.0004992517551792352,9.21283380186552e-05,9.21283380186552e-05,0.0019127715613595755,0.0004367485480395734,0.0004367485480395734
69.82543640897755,1.727190001284129e-08,2.915892945881446e-07,2.915892945881446e-07,0.0002996089853986572,9.392020960730575e-05,9.392020960730575e-05,0.00010330591220147793,2.6187753331360517e-05,2.6187753331360517e-05,3.960385998455166e-06,4.2838342981670374e-07,4.2838342981670374e-07,0.00040459700425496707,7.466142919408452e-05,7.466142919408452e-05,0.001318699699372363,0.0003011024372360126,0.0003011024372360126
72.31920199501246,1.7597958084240272e-08,2.970939028225203e-07,2.970939028225203e-07,0.00021975377238335302,6.888752130306829e-05,6.888752130306829e-05,8.49142839210554e-05,2.1525528154640294e-05,2.1525528154640294e-05,3.29038655175671e-06,3.5591153918181725e-07,3.5591153918181725e-07,0.00034200930448339775,6.311194398837869e-05,6.311194398837869e-05,0.000949393501325544,0.0002167777070709962,0.0002167777070709962
74.81296758104737,1.792089971686998e-08,3.0254589842124596e-07,3.0254589842124596e-07,0.0001670771001741165,5.2374651741683615e-05,5.2374651741683615e-05,7.058323017610661e-05,1.7892647011117315e-05,1.7892647011117315e-05,2.403394834114613e-06,2.5996822598690465e-07,2.5996822598690465e-07,0.0003093789048546906,5.7090564082366954e-05,5.7090564082366954e-05,0.0007075442080266239,0.00016155557295602555,0.00016155557295602555
77.30673316708229,1.8258583838686848e-08,3.0824678105726117e-07,3.0824678105726117e-07,0.0001307938125170024,4.1000713882430086e-05,4.1000713882430086e-05,5.991517066581413e-05,1.5188324431447793e-05,1.5188324431447793e-05,1.375526237554101e-06,1.4878667071243622e-07,1.4878667071243622e-07,0.00031290766809627385,5.774173674092211e-05,5.774173674092211e-05,0.0005424046938759582,0.00012384879997472998,0.00012384879997472998
79.8004987531172,1.863067748511463e-08,3.145285754054186e-07,3.145285754054186e-07,0.00010488978114964,3.2880423189346606e-05,3.2880423189346606e-05,5.46921710955909e-05,1.3864308975991109e-05,1.3864308975991109e-05,1.395459877627477e-06,1.5094283455775215e-07,1.5094283455775215e-07,0.0003683421415406683,6.797121686671127e-05,6.797121686671127e-05,0.0004257113385380249,9.72038756464518e-05,9.72038756464518e-05
82.29426433915211,1.899011493207636e-08,3.2059670407280387e-07,3.2059670407280387e-07,8.582635270345169e-05,2.6904496956301443e-05,2.6904496956301443e-05,6.121847366071503e-05,1.5518708013753548e-05,1.5518708013753548e-05,3.3638304116409983e-06,3.6385574780402766e-07,3.6385574780402766e-07,0.0005050743763511971,9.320280276699145e-05,9.320280276699145e-05,0.00034085746318887345,7.782894996116446e-05,7.782894996116446e-05
84.78802992518702,1.9402961787351068e-08,3.275665060756516e-07,3.275665060756516e-07,7.142656956264537e-05,2.2390511339065217e-05,2.2390511339065217e-05,9.125889123783698e-05,2.3133867966520333e-05,2.3133867966520333e-05,6.336453249748551e-06,6.853957106856011e-07,6.853957106856011e-07,0.0007860653864871583,0.0001450548683700768,0.0001450548683700768,0.00027764680749519727,6.339588191867452e-05,6.339588191867452e-05
87.28179551122193,1.9792577912910648e-08,3.341441200687629e-07,3.341441200687629e-07,6.02994547895702e-05,1.8902428528660785e-05,1.8902428528660785e-05,0.00016587085405913934,4.204778718270392e-05,4.204778718270392e-05,1.0365162717578255e-05,1.1211694913820065e-06,1.1211694913820065e-06,0.0013730371742328433,0.00025337043202680316,0.00025337043202680316,0.00022958272907906504,5.242127476475743e-05,5.242127476475743e-05
89.77556109725684,2.023471584334143e-08,3.4160842261504454e-07,3.4160842261504454e-07,5.152692396346312e-05,1.6152451144376967e-05,1.6152451144376967e-05,0.00034732148928696494,8.804500434000996e-05,8.804500434000996e-05,1.576934000981191e-05,1.7057236244103624e-06,1.7057236244103624e-06,0.002754366753800665,0.0005082710850568641,0.0005082710850568641,0.00019239881265199996,4.3930965813069394e-05,4.3930965813069394e-05
92.26932668329175,2.066276944187409e-08,3.4883494932891257e-07,3.4883494932891257e-07,4.4485496382960064e-05,1.3945132984624356e-05,1.3945132984624356e-05,0.0008856987570421885,0.0002245221021820822,0.0002245221021820822,2.303555868022685e-05,2.4916893552872787e-06,2.4916893552872787e-06,0.006839274335243003,0.0012620706311455496,0.0012620706311455496,0.000163225166115558,3.726966447254015e-05,3.726966447254015e-05
94.76309226932668,2.115302026093032e-08,3.5711150780792095e-07,3.5711150780792095e-07,3.874112783961237e-05,1.2144411631307937e-05,1.2144411631307937e-05,0.0034154962761538048,0.0008658185391137432,0.0008658185391137432,3.2873347179279806e-05,3.5558143119656237e-06,3.5558143119656237e-06,0.026045754980631983,0.004806296811005258,0.004806296811005258,0.00014010332485188615,3.1990188970127134e-05,3.1990188970127134e-05
97.25685785536159,2.1621759768336353e-08,3.65024905998537e-07,3.65024905998537e-07,3.398533231691499e-05,1.0653584139112084e-05,1.0653584139112084e-05,0.10597583942698106,0.02686457224815006,0.02686457224815006,4.632779333924193e-05,5.011142604343436e-06,5.011142604343436e-06,0.8049519600798016,0.14854006119695545,0.14854006119695545,0.00012170203609222516,2.778857059070788e-05,2.778857059070788e-05
99.7506234413965,2.2148762975577306e-08,3.739219291014284e-07,3.739219291014284e-07,2.999565207508347e-05,9.402915357999412e-06,9.402915357999412e-06,0.24816421172370173,0.06290891802607645,0.06290891802607645,6.496481146451776e-05,7.027054626347347e-06,7.027054626347347e-06,1.8846367143254392,0.3477773417089097,0.3477773417089097,0.00010715946329253394,2.446802375525075e-05,2.446802375525075e-05
102.24438902743141,2.265397289841663e-08,3.824510315690275e-07,3.824510315690275e-07,2.6612152055532264e-05,8.342269494459178e-06,8.342269494459178e-06,0.14512697890622306,0.03678927415024905,0.03678927415024905,9.119186628736675e-05,9.863958833004304e-06,9.863958833004304e-06,1.1022791802159284,0.2034066938220409,0.2034066938220409,9.602051953847006e-05,2.1924637179687094e-05,2.1924637179687094e-05
104.73815461346632,2.3219361760195428e-08,3.919960925786155e-07,3.919960925786155e-07,2.3726537353999424e-05,7.437698701119073e-06,7.437698701119073e-06,0.005544162830954005,0.0014054294236592955,0.0014054294236592955,0.00012881764754830833,1.3933830111304572e-05,1.3933830111304572e-05,0.04202615856527397,0.00775520586910537,0.00775520586910537,8.826658662836906e-05,2.0154159717299598e-05,2.0154159717299598e-05
107.23192019950123,2.379075811068811e-08,4.01642573779093e-07,4.01642573779093e-07,2.1286327766422987e-05,6.672751696455696e-06,6.672751696455696e-06,0.0013072741322051912,0.00033139025425660154,0.00033139025425660154,0.00018407368258812598,1.9910714641666598e-05,1.9910714641666598e-05,0.009853282188999373,0.0018182540225130186,0.0018182540225130186,8.44451228830759e-05,1.9281594077021914e-05,1.9281594077021914e-05
109.72568578553614,2.4403608905854077e-08,4.119889011036704e-07,4.119889011036704e-07,1.93279743372145e-05,6.058855006035304e-06,6.058855006035304e-06,0.0005220060824651946,0.00013232704918579463,0.00013232704918579463,0.00026756960836205995,2.8942225982407356e-05,2.8942225982407356e-05,0.0038937407800361365,0.0007185229957006496,0.0007185229957006496,8.591896045957622e-05,1.961811958513076e-05,1.961811958513076e-05
112.21945137157105,2.5024167196878326e-08,4.224653486396134e-07,4.224653486396134e-07,1.8076391342548158e-05,5.6665138449596685e-06,5.6665138449596685e-06,0.0002657242315922464,6.736033284843799e-05,6.736033284843799e-05,0.0003982537426077546,4.3077948528804235e-05,4.3077948528804235e-05,0.0019511393446149088,0.0003600492601125583,0.0003600492601125583,9.52463976514534e-05,2.1747879736723092e-05,2.1747879736723092e-05
114.71321695760597,2.5690652141532346e-08,4.337171434462529e-07,4.337171434462529e-07,1.819063101300229e-05,5.702325233527489e-06,5.702325233527489e-06,0.0001563713930803717,3.963970098907276e-05,3.963970098907276e-05,0.0006119953390148948,6.619775508278776e-05,6.619775508278776e-05,0.00112396772483243,0.00020740894228453134,0.00020740894228453134,0.00011694811971825978,2.6703095400792807e-05,2.6703095400792807e-05
117.20698254364088,2.6346796961676602e-08,4.4479437323054313e-07,4.4479437323054313e-07,2.122553870525308e-05,6.6536957881046415e-06,6.6536957881046415e-06,0.00010148542773608719,2.5726265725208344e-05,2.5726265725208344e-05,0.0009818131269531808,0.00010619986913581845,0.00010619986913581845,0.0007100911032158535,0.00013103511906057064,0.00013103511906057064,0.0001597714391741227,3.648106521820741e-05,3.648106521820741e-05
119.70074812967579,2.7104982869288435e-08,4.57594290657279e-07,4.57594290657279e-07,3.0394558567924082e-05,9.527962947514975e-06,9.527962947514975e-06,7.071523022748445e-05,1.7926108646676644e-05,1.7926108646676644e-05,0.0016709200923157642,0.00018073856446696897,0.00018073856446696897,0.00047907609778688123,8.840526691332868e-05,8.840526691332868e-05,0.00024392371800130848,5.5695793382542336e-05,5.5695793382542336e-05
122.19451371571071,2.7817692466283623e-08,4.696264636364833e-07,4.696264636364833e-07,5.3415470623032335e-05,1.674446509176879e-05,1.674446509176879e-05,5.200980469033536e-05,1.3184336762705185e-05,1.3184336762705185e-05,0.003092803185175754,0.00033453952133211844,0.00033453952133211844,0.0003394599427968158,6.264150306802796e-05,6.264150306802796e-05,0.0004264420813392966,9.737072821990754e-05,9.737072821990754e-05
124.68827930174562,2.864106387501899e-08,4.83526861860112e-07,4.83526861860112e-07,0.00011829121841188704,3.708145138960112e-05,3.708145138960112e-05,3.990790335792083e-05,1.0116539381315809e-05,1.0116539381315809e-05,0.006499275050976813,0.0007030076711577127,0.0007030076711577127,0.0002498166829654199,4.6099378864827017e-05,4.6099378864827017e-05,0.0009204896065481161,0.00021017799891360527,0.00021017799891360527
127.18204488778053,2.9416346544733213e-08,4.966154118517349e-07,4.966154118517349e-07,0.00040809412838113695,0.00012792769224216635,0.00012792769224216635,3.1680410588177114e-05,8.030893491374979e-06,8.030893491374979e-06,0.01690201318232703,0.0018282415857132919,0.0018282415857132919,0.00018946531294510913,3.49625699113482e-05,3.49625699113482e-05,0.0031115902705118018,0.0007104782192464969,0.0007104782192464969
129.67581047381543,3.03038745295125e-08,5.115989202565208e-07,5.115989202565208e-07,0.09550265161409871,0.029937783894280527,0.029937783894280527,2.5856939655188024e-05,6.5546602625541766e-06,6.5546602625541766e-06,0.06856529930010007,0.007416508919090961,0.007416508919090961,0.00014728770619453326,2.7179416880388993e-05,2.7179416880388993e-05,0.7217752705568693,0.1648049917693873,0.1648049917693873
132.16957605985036,3.117728940607819e-08,5.263441670186739e-07,5.263441670186739e-07,0.18806412633467243,0.05895357958462093,0.05895357958462093,2.159720635112646e-05,5.47483005103072e-06,5.47483005103072e-06,4.277264022287172,0.46265920362654045,0.46265920362654045,0.0001169665788553279,2.1584173519431485e-05,2.1584173519431485e-05,1.421398992348681,0.3245520576706745,0.3245520576706745
134.66334164588528,3.2155677292067694e-08,5.428615989918303e-07,5.428615989918303e-07,0.09328502022800277,0.029242609801498447,0.029242609801498447,1.839846525092127e-05,4.663958329190778e-06,4.663958329190778e-06,9.24495609027112,1.0,1.0,9.478050252402617e-05,1.749011412283697e-05,1.749011412283697e-05,0.7050176502173988,0.1609786768556189,0.1609786768556189
137.15710723192018,3.309909143799975e-08,5.587885940017761e-07,5.587885940017761e-07,9.317521347971003e-05,2.920818802739101e-05,2.920818802739101e-05,1.5950002653464408e-05,4.043280062314729e-06,4.043280062314729e-06,5.022210901131484,0.5432379399201885,0.5432379399201885,7.852295008170682e-05,1.4490062002390652e-05,1.4490062002390652e-05,0.0006800338130405292,0.0001552740465527201,0.0001552740465527201
139.6508728179551,3.416544188308999e-08,5.76791035761886e-07,5.76791035761886e-07,9.805864329673052e-06,3.073902580052005e-06,3.073902580052005e-06,1.4057083888686722e-05,3.563430568399777e-06,3.563430568399777e-06,0.10048722102129141,0.010869410307642088,0.010869410307642088,6.695184126081445e-05,1.2354812574335854e-05,1.2354812574335854e-05,3.522308891060937e-05,8.042587651315212e-06,8.042587651315212e-06
142.14463840399,3.5217708977598455e-08,5.945557182564534e-07,5.945557182564534e-07,8.10090088189937e-06,2.5394375533284886e-06,2.5394375533284886e-06,1.2600092326316234e-05,3.194087373725522e-06,3.194087373725522e-06,0.025076897677509553,0.002712495054887182,0.002712495054887182,5.948968003783177e-05,1.0977798864581664e-05,1.0977798864581664e-05,5.238387706129522e-05,1.19609590132877e-05,1.19609590132877e-05
144.63840399002493,3.637950499035646e-08,6.14169500154424e-07,6.14169500154424e-07,8.137455528181494e-06,2.550896555588951e-06,2.550896555588951e-06,1.151319401265739e-05,2.9185617592877233e-06,2.9185617592877233e-06,0.010260448451069519,0.0011098428538635296,0.0011098428538635296,5.60094035544774e-05,1.0335573604618903e-05,1.0335573604618903e-05,5.612162648136613e-05,1.2814409924588053e-05,1.2814409924588053e-05
147.13216957605982,3.7569860593488206e-08,6.342654334546501e-07,6.342654334546501e-07,7.467338372899294e-06,2.340830947570515e-06,2.340830947570515e-06,1.0774288972399673e-05,2.731251444541853e-06,2.731251444541853e-06,0.005278991878735562,0.0005710131911054591,0.0005710131911054591,5.660743457181345e-05,1.0445929959181938e-05,1.0445929959181938e-05,4.9871855825979384e-05,1.138738208997285e-05,1.138738208997285e-05
149.62593516209475,3.8818376825669735e-08,6.553432515958502e-07,6.553432515958502e-07,6.797289451835481e-06,2.1307867293381186e-06,2.1307867293381186e-06,1.0401678746481262e-05,2.636795817780984e-06,2.636795817780984e-06,0.003109764232854459,0.0003363741485075308,0.0003363741485075308,6.141570559993652e-05,1.1333213807398347e-05,1.1333213807398347e-05,4.2903263529838765e-05,9.796223674246577e-06,9.796223674246577e-06
152.11970074812965,4.015030470917519e-08,6.77829249760782e-07,6.77829249760782e-07,6.258694229259331e-06,1.9619500833659105e-06,1.9619500833659105e-06,1.0454331197991358e-05,2.6501430636747976e-06,2.6501430636747976e-06,0.002004448282884944,0.00021681533836535085,0.00021681533836535085,7.061728380726456e-05,1.303120705147912e-05,1.303120705147912e-05,3.70269169649943e-05,8.454460819852753e-06,8.454460819852753e-06
154.61346633416457,4.152722020934503e-08,7.010747420982495e-07,7.010747420982495e-07,5.843119716724268e-06,1.8316774706376477e-06,1.8316774706376477e-06,1.1033425588979508e-05,2.796941835822469e-06,2.796941835822469e-06,0.0013778258239473067,0.00014903541028142407,0.00014903541028142407,8.467740240206458e-05,1.562576049079368e-05,1.562576049079368e-05,3.241935931800196e-05,7.402404132590951e-06,7.402404132590951e-06
157.10723192019947,4.3005359806997676e-08,7.260291294130147e-07,7.260291294130147e-07,5.521019552341684e-06,1.7307068174607834e-06,1.7307068174607834e-06,1.2287596629564233e-05,3.1148706082059206e-06,3.1148706082059206e-06,0.0009939372174872425,0.00010751129673111232,0.00010751129673111232,0.0001046468650048447,1.931078188858393e-05,1.931078188858393e-05,2.8909692532887374e-05,6.60103197531568e-06,6.60103197531568e-06
159.6009975062344,4.454838897241651e-08,7.520790014907187e-07,7.520790014907187e-07,5.26732013252417e-06,1.6511781522746976e-06,1.6511781522746976e-06,1.4433106313825369e-05,3.6587511779055124e-06,3.6587511779055124e-06,0.0007444505879519126,8.052505395188748e-05,8.052505395188748e-05,0.00013251475086949467,2.4453321663696094e-05,2.4453321663696094e-05,2.6288489054496864e-05,6.00252516120892e-06,6.00252516120892e-06
162.09476309226932,4.6174283022100474e-08,7.795278229098985e-07,7.795278229098985e-07,5.06471117950926e-06,1.587665119412358e-06,1.587665119412358e-06,1.7806352322552946e-05,4.513859395044806e-06,4.513859395044806e-06,0.0005745930318655281,6.215205634888823e-05,6.215205634888823e-05,0.00017175727573463792,3.169485573538596e-05,3.169485573538596e-05,2.4378403690646333e-05,5.566389960254551e-06,5.566389960254551e-06
164.58852867830421,4.789579062036128e-08,8.085908203700385e-07,8.085908203700385e-07,4.902023643438434e-06,1.536666490422853e-06,1.536666490422853e-06,2.2973397315311014e-05,5.823690525120766e-06,5.823690525120766e-06,0.00045451892002899196,4.9163989054237094e-05,4.9163989054237094e-05,0.0002283843925721306,4.214441771870534e-05,4.214441771870534e-05,2.3043504775638842e-05,5.26158871023245e-06,5.26158871023245e-06
167.08229426433914,4.9724906962261715e-08,8.394705002812157e-07,8.394705002812157e-07,4.772465528132681e-06,1.4960531378905418e-06,1.4960531378905418e-06,3.094671422391031e-05,7.84490356109817e-06,7.84490356109817e-06,0.00036696229709877866,3.969324391761573e-05,3.969324391761573e-05,0.000313079878894478,5.7773515286441124e-05,5.7773515286441124e-05,2.2184423137043412e-05,5.065432166563785e-06,5.065432166563785e-06
169.57605985037404,5.163936068256297e-08,8.71790870906871e-07,8.71790870906871e-07,4.6721176571926e-06,1.464596494292891e-06,1.464596494292891e-06,4.3642591212635475e-05,1.1063272072840271e-05,1.1063272072840271e-05,0.0003014324519053523,3.2605071236905396e-05,3.2605071236905396e-05,0.000445860714996142,8.2275938410386e-05,8.2275938410386e-05,2.1730933081931402e-05,4.961885497885913e-06,4.961885497885913e-06
172.06982543640896,5.368545474750603e-08,9.063336325378534e-07,9.063336325378534e-07,4.59911081019493e-06,1.441710603992685e-06,1.441710603992685e-06,6.49499745734013e-05,1.646463282458714e-05,1.646463282458714e-05,0.00025128879226267106,2.718117747764248e-05,2.718117747764248e-05,0.0006670911180023954,0.00012310021020657885,0.00012310021020657885,2.1636514321366794e-05,4.9403265948692985e-06,4.9403265948692985e-06
174.56359102244386,5.584924013122863e-08,9.42863293618031e-07,9.42863293618031e-07,4.552969055904006e-06,1.4272462739964198e-06,1.4272462739964198e-06,0.00010354418732077294,2.624815539273459e-05,2.624815539273459e-05,0.00021217892526127378,2.2950776963079265e-05,2.2950776963079265e-05,0.0010665466266447702,0.00019681286467768163,0.00019681286467768163,2.1872786858474523e-05,4.994275372448404e-06,4.994275372448404e-06
177.05735660847878,5.8143150803883105e-08,9.815897680875589e-07,9.815897680875589e-07,4.534477050580151e-06,1.4214494751662216e-06,1.4214494751662216e-06,0.0001815062019380203,4.601130315944283e-05,4.601130315944283e-05,0.00018116325123166614,1.9595901750394717e-05,1.9595901750394717e-05,0.0018724685927101424,0.0003455319238218485,0.0003455319238218485,2.2428369098666855e-05,5.1211330388955685e-06,5.1211330388955685e-06
179.55112219451368,6.059543984662551e-08,1.022990032769954e-06,1.022990032769954e-06,4.545330631563395e-06,1.424851811713571e-06,1.424851811713571e-06,0.0003669741841120458,9.302690627967804e-05,9.302690627967804e-05,0.00015620615518693816,1.689636528953565e-05,1.689636528953565e-05,0.003788911138422613,0.000699178485527665,0.000699178485527665,2.3305161869516158e-05,5.321333615553996e-06,5.321333615553996e-06
182.0448877805486,6.314193761550466e-08,1.0659807568678065e-06,1.0659807568678065e-06,4.588394878046205e-06,1.4383514170437132e-06,1.4383514170437132e-06,0.0009470681798622462,0.00024007907537607764,0.00024007907537607764,0.00013586263391668926,1.4695865787795744e-05,1.4695865787795744e-05,0.009782322795239454,0.0018051596849446596,0.0018051596849446596,2.452005795316533e-05,5.598734279214842e-06,5.598734279214842e-06
184.5386533665835,6.60094575955307e-08,1.1143910723265315e-06,1.1143910723265315e-06,4.667589142324193e-06,1.4631769138184115e-06,1.4631769138184115e-06,0.004217004049090005,0.0010689984675759697,0.0010689984675759697,0.00011908790743087327,1.2881392433674702e-05,1.2881392433674702e-05,0.04356582045593265,0.008039324031185985,0.008039324031185985,2.6103829421987066e-05,5.96036130431696e-06,5.96036130431696e-06
187.03241895261843,6.88447360826554e-08,1.162257077421916e-06,1.162257077421916e-06,4.788285777854539e-06,1.5010124056105662e-06,1.5010124056105662e-06,0.07932452626437123,0.020108540573040536,0.020108540573040536,0.00010511293865173176,1.1369760724158202e-05,1.1369760724158202e-05,0.8195452288511893,0.15123299834583903,0.15123299834583903,2.8104142240290463e-05,6.41709839549265e-06,6.41709839549265e-06
189.52618453865335,7.204798422164958e-08,1.2163352543767193e-06,1.2163352543767193e-06,4.957486516200145e-06,1.5540527668333286e-06,1.5540527668333286e-06,0.12793954631900195,0.03243230913825921,0.03243230913825921,9.33616717623205e-05,1.0098660377691696e-05,1.0098660377691696e-05,1.3218079734167318,0.24391696274952862,0.24391696274952862,3.058738996097481e-05,6.9841053807180995e-06,6.9841053807180995e-06
192.01995012468825,7.543766141779968e-08,1.2735607814914014e-06,1.2735607814914014e-06,5.184439047231281e-06,1.625196925801027e-06,1.625196925801027e-06,0.05114456679477834,0.012965001430400086,0.012965001430400086,8.339677948100668e-05,9.020786974723312e-06,9.020786974723312e-06,0.5284033131838488,0.09750775744334066,0.09750775744334066,3.364423451278589e-05,7.682083354960469e-06,7.682083354960469e-06
194.51371571072318,7.900650997605939e-08,1.3338111322241624e-06,1.3338111322241624e-06,5.481240788431165e-06,1.7182371318823475e-06,1.7182371318823475e-06,0.00230659243286413,0.0005847145858411424,0.0005847145858411424,7.488185447216113e-05,8.099752312611052e-06,8.099752312611052e-06,0.02383269464486107,0.004397914529812506,0.004397914529812506,3.739592213729968e-05,8.538716815957648e-06,8.538716815957648e-06
197.00748129675807,8.289035235257137e-08,1.3993793012163804e-06,1.3993793012163804e-06,5.863889486141462e-06,1.8381882937178122e-06,1.8381882937178122e-06,0.0006265989226900886,0.0001588410350910151,0.0001588410350910151,6.755481350374329e-05,7.307207610735354e-06,7.307207610735354e-06,0.006475734569198062,0.0011949856102077923,0.0011949856102077923,4.200436548506739e-05,9.590975737786009e-06,9.590975737786009e-06
199.501246882793,8.705162189615225e-08,1.4696310772168062e-06,1.4696310772168062e-06,6.353696702517094e-06,1.9917310733776394e-06,1.9917310733776394e-06,0.00025681515918587566,6.510190846964498e-05,6.510190846964498e-05,6.120944448305841e-05,6.6208475070500154e-06,6.6208475070500154e-06,0.002655205965043493,0.0004899726643301559,0.0004899726643301559,4.768678623974171e-05,1.0888458962698618e-05,1.0888458962698618e-05
201.9950124688279,9.157312639271837e-08,1.5459644456158025e-06,1.5459644456158025e-06,6.979383860098323e-06,2.1878689459131927e-06,2.1878689459131927e-06,0.00012915611019627694,3.274070460228441e-05,3.274070460228441e-05,5.568171963112972e-05,6.022929593978935e-06,6.022929593978935e-06,0.0013361622782564692,0.0002465658032084337,0.0002465658032084337,5.473678167932506e-05,1.2498204388720673e-05,1.2498204388720673e-05
204.48877805486282,9.630488553257754e-08,1.6258473947254396e-06,1.6258473947254396e-06,7.780151401343069e-06,2.4388903070394685e-06,2.4388903070394685e-06,7.359602486778842e-05,1.865638185012556e-05,1.865638185012556e-05,5.084002821388446e-05,5.499217921368571e-06,5.499217921368571e-06,0.0007619770815864089,0.00014060978535700668,0.00014060978535700668,6.355586970110932e-05,1.4511891734537185e-05,1.4511891734537185e-05
206.98254364089772,1.0162862052929544e-07,1.7157242543131547e-06,1.7157242543131547e-06,8.810354801552728e-06,2.761834290702396e-06,2.761834290702396e-06,4.564910404205858e-05,1.157191733731131e-05,1.157191733731131e-05,4.657778151344975e-05,5.0381830977505266e-06,5.0381830977505266e-06,0.0004730437628680065,8.729210309430854e-05,8.729210309430854e-05,7.470103287898209e-05,1.7056698408754045e-05,1.7056698408754045e-05
209.47630922693264,1.072340867520261e-07,1.8103573832977187e-06,1.8103573832977187e-06,1.0147034977798184e-05,3.1808513711276028e-06,3.1808513711276028e-06,3.0116177550988107e-05,7.634364889500009e-06,7.634364889500009e-06,4.280801792856634e-05,4.630418739750979e-06,4.630418739750979e-06,0.0003123320002949079,5.763550713383408e-05,5.763550713383408e-05,8.896210898028639e-05,2.0312970305801366e-05,2.0312970305801366e-05
211.97007481296754,1.1334883184829648e-07,1.9135883079720264e-06,1.9135883079720264e-06,1.1900994256593123e-05,3.730675412245422e-06,3.730675412245422e-06,2.0827916485910243e-05,5.279817270045764e-06,5.279817270045764e-06,3.9459512584040564e-05,4.268220659865066e-06,4.268220659865066e-06,0.00021610414429209992,3.987830878116237e-05,3.987830878116237e-05,0.00010747503764344902,2.4540079740578516e-05,2.4540079740578516e-05
214.46384039900246,1.2004129305312145e-07,2.026572405860653e-06,2.026572405860653e-06,1.4236118328172092e-05,4.462680635553204e-06,4.462680635553204e-06,1.495508615184552e-05,3.7910715741995364e-06,3.7910715741995364e-06,3.6472730423820785e-05,3.945149124310354e-06,3.945149124310354e-06,0.000155131364400531,2.8626829307102506e-05,2.8626829307102506e-05,0.00013191978555153057,3.012161826390301e-05,3.012161826390301e-05
216.9576059850374,1.2730219447485662e-07,2.149153078633407e-06,2.149153078633407e-06,1.740122532273109e-05,5.454865539363712e-06,5.454865539363712e-06,1.1075592666788254e-05,2.8076310694667744e-06,2.8076310694667744e-06,3.379888982422639e-05,3.655927566794446e-06,3.655927566794446e-06,0.00011472334738798996,2.117022367402173e-05,2.117022367402173e-05,0.0001648467234829996,3.7639919258892995e-05,3.7639919258892995e-05
219.4513715710723,1.3525225615346887e-07,2.283368357501122e-06,2.283368357501122e-06,2.178608000188911e-05,6.829412000365621e-06,6.829412000365621e-06,8.421481744700319e-06,2.134821540364971e-06,2.134821540364971e-06,3.13963138525166e-05,3.3960479147712063e-06,3.3960479147712063e-06,8.694861806155511e-05,1.604487433830672e-05,1.604487433830672e-05,0.00021025057793249365,4.8007109940106216e-05,4.8007109940106216e-05
221.9451371571072,1.4391900193451907e-07,2.4296829081175767e-06,2.4296829081175767e-06,2.802446297386888e-05,8.784994993176666e-06,8.784994993176666e-06,6.553385716002214e-06,1.6612645390635462e-06,1.6612645390635462e-06,2.9230726334732898e-05,3.1618026142377997e-06,3.1618026142377997e-06,6.727129632360515e-05,1.2413762520332513e-05,1.2413762520332513e-05,0.00027462640202640634,6.270622418346249e-05,6.270622418346249e-05
224.4389027431421,1.535058919337445e-07,2.5915316039813746e-06,2.5915316039813746e-06,3.719311122653336e-05,1.165914566178931e-05,1.165914566178931e-05,5.20757633604288e-06,1.3201057096959654e-06,1.3201057096959654e-06,2.7272046622427757e-05,2.9499379289780887e-06,2.9499379289780887e-06,5.297089501497883e-05,9.774869032435685e-06,9.774869032435685e-06,0.0003690081688369565,8.425668031143729e-05,8.425668031143729e-05
226.93266832917703,1.6402805582333774e-07,2.7691698686671495e-06,2.7691698686671495e-06,5.122042634266629e-05,1.605637151328354e-05,1.605637151328354e-05,4.219226708845325e-06,1.0695619054680658e-06,1.0695619054680658e-06,2.549587055377712e-05,2.7578141318169766e-06,2.7578141318169766e-06,4.2349697151616394e-05,7.814909359249199e-06,7.814909359249199e-06,0.0005131565835084291,0.00011717049609674893,0.00011717049609674893
229.42643391521193,1.7566473669067434e-07,2.9656237366800096e-06,2.9656237366800096e-06,7.379255787292066e-05,2.3132191758742262e-05,2.3132191758742262e-05,3.4816492347869816e-06,8.82588124957452e-07,8.82588124957452e-07,2.3880205435612188e-05,2.583052337127095e-06,2.583052337127095e-06,3.431171206528588e-05,6.331637243848199e-06,6.331637243848199e-06,0.0007448434773223959,0.00017007222075493284,0.00017007222075493284
231.92019950124686,1.885978871252815e-07,3.1839649851370803e-06,3.1839649851370803e-06,0.00011255836162235835,3.5284338694183224e-05,3.5284338694183224e-05,2.923708081014125e-06,7.411516379544437e-07,7.411516379544437e-07,2.240707120828345e-05,2.4237076941731945e-06,2.4237076941731945e-06,2.812884325276198e-05,5.1906949797980565e-06,5.1906949797980565e-06,0.0011424453765750103,0.0002608577885165772,0.0002608577885165772
234.41396508728175,2.0297249982099146e-07,3.4266414233288004e-06,3.4266414233288004e-06,0.00018518824842091356,5.805206104002235e-05,5.805206104002235e-05,2.496537211523236e-06,6.328650440685793e-07,6.328650440685793e-07,2.106032202098075e-05,2.2780337532531354e-06,2.2780337532531354e-06,2.330371598164463e-05,4.300300601400848e-06,4.300300601400848e-06,0.001887026736793257,0.0004308701593307403,0.0004308701593307403
236.90773067331668,2.1905374258155582e-07,3.698129692087154e-06,3.698129692087154e-06,0.0003389862694655747,0.0001062640409126665,0.0001062640409126665,2.1658937275207936e-06,5.490478663760742e-07,5.490478663760742e-07,1.9826295015325465e-05,2.1445526427312682e-06,2.1445526427312682e-06,1.9490337908657084e-05,3.596607163257605e-06,3.596607163257605e-06,0.003463299374546253,0.0007907849550964186,0.0007907849550964186
239.40149625935157,2.3710970445577278e-07,4.002955749561954e-06,4.002955749561954e-06,0.0007314290200872996,0.0002292854027326956,0.0002292854027326956,1.9072421159952685e-06,4.834804224898139e-07,4.834804224898139e-07,1.8693049731735147e-05,2.0219727978380207e-06,2.0219727978380207e-06,1.644242778144193e-05,3.034167689510034e-06,3.034167689510034e-06,0.007484881323304826,0.0017090441515547883,0.0017090441515547883
241.8952618453865,2.5745088447131216e-07,4.346361531636411e-06,4.346361531636411e-06,0.0021200106242069295,0.0006645723322693189,0.0006645723322693189,1.7027125462198012e-06,4.3163276142078365e-07,4.3163276142078365e-07,1.7650002712839687e-05,1.909149436784624e-06,1.909149436784624e-06,1.3981667204186052e-05,2.580076582383087e-06,2.580076582383087e-06,0.021713597248942774,0.004957927158040323,0.004957927158040323
244.38902743142143,2.805593084437198e-07,4.73648473986182e-06,4.73648473986182e-06,0.01319092918509488,0.004135038981994399,0.004135038981994399,1.5390874830450537e-06,3.9015427580525017e-07,3.9015427580525017e-07,1.6688299401101252e-05,1.805124787846542e-06,1.805124787846542e-06,1.1976592734647821e-05,2.210074521166744e-06,2.210074521166744e-06,0.13515441555621177,0.03086019049413086,0.03086019049413086
246.88279301745632,3.068206720407619e-07,5.179836801910064e-06,5.179836801910064e-06,0.07884173074481718,0.02471498599250348,0.02471498599250348,1.4065948818612614e-06,3.5656778027859974e-07,3.5656778027859974e-07,1.5799609742781174e-05,1.7089978133490333e-06,1.7089978133490333e-06,1.0329718003544958e-05,1.9061720704944243e-06,1.9061720704944243e-06,0.8078774223375356,0.1844649399477049,0.1844649399477049
249.37655860349125,3.369911335209971e-07,5.689183403840361e-06,5.689183403840361e-06,0.08706163692012525,0.02729172884255547,0.02729172884255547,1.2978585216276466e-06,3.2900342389990334e-07,3.2900342389990334e-07,1.4977127020518631e-05,1.6200322504808573e-06,1.6200322504808573e-06,8.966601783063755e-06,1.6546323801149298e-06,1.6546323801149298e-06,0.8920868395289515,0.20369271467657427,0.20369271467657427
251.87032418952614,3.7176313326499354e-07,6.276214527760302e-06,6.276214527760302e-06,0.020815240675793184,0.006525077225890751,0.006525077225890751,1.2073914135405076e-06,3.0607027069791615e-07,3.0607027069791615e-07,1.4214429231071528e-05,1.5375334498375828e-06,1.5375334498375828e-06,7.83105308089537e-06,1.445086367337356e-06,1.445086367337356e-06,0.21329615168301844,0.048702514420369235,0.048702514420369235
254.36408977556107,4.1216997546516813e-07,6.958374718875557e-06,6.958374718875557e-06,0.0025686886259013095,0.0008052220925201747,0.0008052220925201747,1.1310171992149842e-06,2.86709625764715e-07,2.86709625764715e-07,1.3506044670070352e-05,1.4609095530787178e-06,1.4609095530787178e-06,6.878877707216272e-06,1.269378753354398e-06,1.269378753354398e-06,0.026328731419721904,0.00601171381443692,0.00601171381443692
256.85785536159597,4.59551983567223e-07,7.758291711700664e-06,7.758291711700664e-06,0.0008245237262710276,0.00025846835365945863,0.00025846835365945863,1.0656134378037194e-06,2.7012995927437007e-07,2.7012995927437007e-07,1.2847127280578539e-05,1.389636376326129e-06,1.389636376326129e-06,6.0761259403422655e-06,1.121244700030759e-06,1.121244700030759e-06,0.008456524670836907,0.0019309022290270998,0.0019309022290270998
259.35162094763086,5.154274259043214e-07,8.701597358662596e-06,8.701597358662596e-06,0.00036723700871613173,0.00011511996807534213,0.00011511996807534213,1.008816486586201e-06,2.5573209455626147e-07,2.5573209455626147e-07,1.2233222716705992e-05,1.3232321059458095e-06,1.3232321059458095e-06,5.395606953204162e-06,9.956666071652385e-07,9.956666071652385e-07,0.003770597180129587,0.0008609511333873966,0.0008609511333873966
261.8453865336658,5.821355500841419e-07,9.82778352569868e-06,9.82778352569868e-06,0.00019492143289546427,6.110318023386103e-05,6.110318023386103e-05,9.58814317177258e-07,2.430566875963917e-07,2.430566875963917e-07,1.1660387092929777e-05,1.2612701433163671e-06,1.2612701433163671e-06,4.815907462929871e-06,8.886930211233456e-07,8.886930211233456e-07,0.002004695926430888,0.0004577378986684686,0.0004577378986684686
264.3391521197007,6.626457072751136e-07,1.1186979672332359e-05,1.1186979672332359e-05,0.00011556478430521739,3.6226779883543977e-05,3.6226779883543977e-05,9.142731411466842e-07,2.31765626841781e-07,2.31765626841781e-07,1.1125195794432538e-05,1.2033800578176978e-06,1.2033800578176978e-06,4.3199081450995875e-06,7.971648645649661e-07,7.971648645649661e-07,0.0011913266372191634,0.00027201898520307717,0.00027201898520307717
266.8329177057356,7.609178354264613e-07,1.2846038635389276e-05,1.2846038635389276e-05,7.395665512511241e-05,2.3183632299823917e-05,2.3183632299823917e-05,8.741150940683833e-07,2.2158567674265527e-07,2.2158567674265527e-07,1.062454490694012e-05,1.1492261080743047e-06,1.1492261080743047e-06,3.8934577524722625e-06,7.184707678240269e-07,7.184707678240269e-07,0.0007647638037928466,0.000174620685317141,0.000174620685317141
269.32668329177056,8.825962147585288e-07,1.4900248813174436e-05,1.4900248813174436e-05,5.005184543363448e-05,1.5690049509377928e-05,1.5690049509377928e-05,8.375661218225069e-07,2.1232061679310418e-07,2.1232061679310418e-07,1.0155441066351065e-05,1.0984845106012012e-06,1.0984845106012012e-06,3.5254710265209796e-06,6.505651368009633e-07,6.505651368009633e-07,0.0005196096263440064,0.00011864393764398329,0.00011864393764398329
271.82044887780546,1.0358353668143596e-06,1.7487277236105577e-05,1.7487277236105577e-05,3.534941805538263e-05,1.1081192204032928e-05,1.1081192204032928e-05,8.04000674402971e-07,2.0381187185539693e-07,2.0381187185539693e-07,9.71560809575938e-06,1.0509090579655156e-06,1.0509090579655156e-06,3.206555932279074e-06,5.917148327273772e-07,5.917148327273772e-07,0.00036875711437208417,8.419935633442567e-05,8.419935633442567e-05
274.31421446384036,1.2323887359882684e-06,2.0805549008390752e-05,2.0805549008390752e-05,2.5816275391809497e-05,8.092781305782375e-06,8.092781305782375e-06,7.729378819240991e-07,1.9593754278860128e-07,1.9593754278860128e-07,9.302439647591956e-06,1.0062178291340213e-06,1.0062178291340213e-06,2.929091135053974e-06,5.405134691631078e-07,5.405134691631078e-07,0.00027087990517854146,6.18507759471991e-05,6.18507759471991e-05
276.80798004987525,1.490290397308921e-06,2.5159520687342635e-05,2.5159520687342635e-05,1.936864995977543e-05,6.071605835226048e-06,6.071605835226048e-06,7.439989558761049e-07,1.8860160778866315e-07,1.8860160778866315e-07,8.914178951778676e-06,9.642207993999522e-07,9.642207993999522e-07,2.68679358085827e-06,4.958016163905095e-07,4.958016163905095e-07,0.00020462593282155326,4.6722818791562056e-05,4.6722818791562056e-05
279.3017456359102,1.8377981777770145e-06,3.102624921722336e-05,3.102624921722336e-05,1.4854993930349497e-05,4.656683249326649e-06,4.656683249326649e-06,7.168917581013026e-07,1.8173001066800222e-07,1.8173001066800222e-07,8.548708218006728e-06,9.246888935473598e-07,9.246888935473598e-07,2.474415676700382e-06,4.5661092123726543e-07,4.5661092123726543e-07,0.00015819528713962634,3.61211779601249e-05,3.61211779601249e-05
281.7955112219451,2.3215986240299244e-06,3.919391060592016e-05,3.919391060592016e-05,1.1603379981478681e-05,3.6373804963279903e-06,3.6373804963279903e-06,6.913702126235385e-07,1.752603718703379e-07,1.752603718703379e-07,8.204373302130137e-06,8.874431876170796e-07,8.874431876170796e-07,2.287496802484051e-06,4.2211825286459976e-07,4.2211825286459976e-07,0.00012470264402387131,2.8473707898192203e-05,2.8473707898192203e-05
284.28927680798,3.022852297792351e-06,5.103268132064788e-05,5.103268132064788e-05,9.203571731063083e-06,2.8850983389805667e-06,2.8850983389805667e-06,6.672635882976118e-07,1.6914941153858146e-07,1.6914941153858146e-07,7.879729393829728e-06,8.523274006808879e-07,8.523274006808879e-07,2.122528989777182e-06,3.9167627593894953e-07,3.9167627593894953e-07,9.994413720224489e-05,2.282052791349644e-05,2.282052791349644e-05
286.7830423940149,4.093531220191248e-06,6.910819770741346e-05,6.910819770741346e-05,7.395416384707262e-06,2.3182851344087975e-06,2.3182851344087975e-06,6.443807197003053e-07,1.6334866978460056e-07,1.6334866978460056e-07,7.573197518317617e-06,8.191707396303624e-07,8.191707396303624e-07,1.9761200206588208e-06,3.646590148958576e-07,3.646590148958576e-07,8.125379496703536e-05,1.8552909135335432e-05,1.8552909135335432e-05
289.27680798004985,5.844047782972994e-06,9.866093303629432e-05,9.866093303629432e-05,6.008483697108991e-06,1.8835151005357168e-06,1.8835151005357168e-06,6.226401801012429e-07,1.5783750516509127e-07,1.5783750516509127e-07,7.283721529963905e-06,7.878589642658108e-07,7.878589642658108e-07,1.846000010762539e-06,3.4064760155508383e-07,3.4064760155508383e-07,6.688501277501044e-05,1.5272044401544025e-05,1.5272044401544025e-05
291.77057356608475,8.99214871222943e-06,0.000151808098581005,0.000151808098581005,4.92805244648725e-06,1.5448258940365975e-06,1.5448258940365975e-06,6.018919931961922e-07,1.525778991158001e-07,1.525778991158001e-07,7.009830761225931e-06,7.582329967583825e-07,7.582329967583825e-07,1.7296560448836078e-06,3.1917832056862637e-07,3.1917832056862637e-07,5.5662039116845854e-05,1.2709471039983926e-05,1.2709471039983926e-05
294.26433915211965,1.5515657638296426e-05,0.00026193989442148033,0.00026193989442148033,4.074769507091278e-06,1.2773422188865569e-06,1.2773422188865569e-06,5.82092856137382e-07,1.475588744886452e-07,1.475588744886452e-07,6.750666536767441e-06,7.301999566954643e-07,7.301999566954643e-07,1.6255132222499275e-06,2.999605510439743e-07,2.999605510439743e-07,4.677151225590228e-05,1.0679471861689998e-05,1.0679471861689998e-05
296.7581047381546,3.263083176058555e-05,0.0005508832964421698,0.0005508832964421698,3.3926768287694095e-06,1.0635225724752261e-06,1.0635225724752261e-06,5.631004153384297e-07,1.4274434505655025e-07,1.4274434505655025e-07,6.505079459617537e-06,7.036355171511438e-07,7.036355171511438e-07,1.5315668538209147e-06,2.8262436204420614e-07,2.8262436204420614e-07,3.963985271799434e-05,9.051079840804898e-06,9.051079840804898e-06
299.2518703241895,0.0001061286038061264,0.0017916942951525547,0.0017916942951525547,2.8416532382068215e-06,8.907899321128304e-07,8.907899321128304e-07,5.449391076258219e-07,1.3814050548515056e-07,1.3814050548515056e-07,6.272412875474342e-06,6.78468649740271e-07,6.78468649740271e-07,1.4467462896860625e-06,2.6697218351407106e-07,2.6697218351407106e-07,3.385571440225861e-05,7.730371157086264e-06,7.730371157086264e-06
301.7456359102244,0.02997531373516926,0.5060520603175078,0.5060520603175078,2.392197130906131e-06,7.498962544723008e-07,7.498962544723008e-07,5.274892826690789e-07,1.3371702475781937e-07,1.3371702475781937e-07,6.051496130960536e-06,6.54572728293301e-07,6.54572728293301e-07,1.3701435663328082e-06,2.52836466379327e-07,2.52836466379327e-07,2.911660697623865e-05,6.648277336198112e-06,6.648277336198112e-06
304.2394014962593,0.05923365615063815,1.0,1.0,2.022442331579868e-06,6.339870196079931e-07,6.339870196079931e-07,5.106937672765941e-07,1.2945940963397591e-07,1.2945940963397591e-07,5.8419599531488195e-06,6.319078096321706e-07,6.319078096321706e-07,1.299861527737865e-06,2.398671230747841e-07,2.398671230747841e-07,2.5198271618713532e-05,5.753592726335539e-06,5.753592726335539e-06
306.73316708229424,0.029481325182390983,0.4977124003187733,0.4977124003187733,1.7159728555147458e-06,5.379162112109146e-07,5.379162112109146e-07,4.945823961320694e-07,1.2537522312062378e-07,1.2537522312062378e-07,5.642592779656239e-06,6.103428425792299e-07,6.103428425792299e-07,1.2361062724043958e-06,2.2810218553997498e-07,2.2810218553997498e-07,2.1932312704336325e-05,5.007867077425704e-06,5.007867077425704e-06
309.22693266832914,5.625715042296336e-06,9.497497551036662e-05,9.497497551036662e-05,1.4601277927747897e-06,4.577149385836663e-07,4.577149385836663e-07,4.790360234826763e-07,1.214342621101281e-07,1.214342621101281e-07,5.453210706501901e-06,5.898579347759756e-07,5.898579347759756e-07,1.1774935125691326e-06,2.172862072398671e-07,2.172862072398671e-07,1.9188789670275967e-05,4.381430692734111e-06,4.381430692734111e-06
311.72069825436404,4.755868350192327e-06,8.028996788747252e-05,8.028996788747252e-05,1.245290020820991e-06,3.9036846515724633e-07,3.9036846515724633e-07,4.640722936240848e-07,1.1764099938098584e-07,1.1764099938098584e-07,5.272987612688142e-06,5.703637271178759e-07,5.703637271178759e-07,1.123582002833853e-06,2.0733776391350414e-07,2.0733776391350414e-07,1.686899819508907e-05,3.851746134990943e-06,3.851746134990943e-06
314.21446384039893,4.374490708297986e-06,7.385143839801382e-05,7.385143839801382e-05,1.0638264148690725e-06,3.3348398993223155e-07,3.3348398993223155e-07,4.4962515567939775e-07,1.1397869122478148e-07,1.1397869122478148e-07,5.101399183421049e-06,5.518035059992853e-07,5.518035059992853e-07,1.0736847289771756e-06,1.9813007888408037e-07,1.9813007888408037e-07,1.4894506389158953e-05,3.4009048287018312e-06,3.4009048287018312e-06
316.7082294264339,3.4243136501223647e-06,5.7810269915028246e-05,5.7810269915028246e-05,9.098192592770438e-07,2.8520645140987346e-07,2.8520645140987346e-07,4.3571451517442435e-07,1.1045238363538619e-07,1.1045238363538619e-07,4.937987833831705e-06,5.341277757963794e-07,5.341277757963794e-07,1.0276769293327427e-06,1.8964012952853894e-07,1.8964012952853894e-07,1.3204530858766606e-05,3.01502792942556e-06,3.01502792942556e-06
319.2019950124688,2.6637042961029335e-06,4.496943915345729e-05,4.496943915345729e-05,7.785083004737735e-07,2.440436246070338e-07,2.440436246070338e-07,4.2226470526437083e-07,1.0704289528402026e-07,1.0704289528402026e-07,4.782117384744253e-06,5.172677228588125e-07,5.172677228588125e-07,9.849692750931215e-07,1.8175916533571573e-07,1.8175916533571573e-07,1.175006384253432e-05,2.6829253562048543e-06,2.6829253562048543e-06
321.6957605985037,2.1065425741073057e-06,3.556327113676928e-05,3.556327113676928e-05,6.661190841334175e-07,2.088123088898438e-07,2.088123088898438e-07,4.092526126025532e-07,1.0374436700339382e-07,1.0374436700339382e-07,4.6334880179533625e-06,5.011909167237029e-07,5.011909167237029e-07,9.446309672117462e-07,1.743154233257117e-07,1.743154233257117e-07,1.0492267343669779e-05,2.395729119233471e-06,2.395729119233471e-06
324.18952618453864,1.6986428550592326e-06,2.8676988142338947e-05,2.8676988142338947e-05,5.695587370720682e-07,1.785429629164945e-07,1.785429629164945e-07,3.9674274317371273e-07,1.0057315087617866e-07,1.0057315087617866e-07,4.491738025370792e-06,4.858582324796164e-07,4.858582324796164e-07,9.078012481042917e-07,1.675191311227017e-07,1.675191311227017e-07,9.399217310417397e-06,2.1461499093573774e-06,2.1461499093573774e-06
326.68329177057353,1.3949114164538035e-06,2.3549304687631974e-05,2.3549304687631974e-05,4.863814819696495e-07,1.524688943321198e-07,1.524688943321198e-07,3.845694548469953e-07,9.748725709587044e-08,9.748725709587044e-08,4.35630533546599e-06,4.7120887248456747e-07,4.7120887248456747e-07,8.724819212753842e-07,1.6100155587748947e-07,1.6100155587748947e-07,8.4456426866967e-06,1.9284175147679402e-06,1.9284175147679402e-06
329.17705735660843,1.1640393712621145e-06,1.9651654935866623e-05,1.9651654935866623e-05,4.145096803436644e-07,1.2993881345158333e-07,1.2993881345158333e-07,3.728521345241944e-07,9.451694990067724e-08,9.451694990067724e-08,4.226994664038383e-06,4.5722171341480334e-07,4.5722171341480334e-07,8.397843461911236e-07,1.549677798947257e-07,1.549677798947257e-07,7.610002619570799e-06,1.7376134515051445e-06,1.7376134515051445e-06
331.6708229426433,9.850356644514737e-07,1.66296617238418e-05,1.66296617238418e-05,3.523408166728115e-07,1.1045037020865016e-07,1.1045037020865016e-07,3.614812273479477e-07,9.163445744753878e-08,9.163445744753878e-08,4.1033336035115564e-06,4.438456563173596e-07,4.438456563173596e-07,8.08726000820608e-07,1.4923649560596493e-07,1.4923649560596493e-07,6.875577361811838e-06,1.5699200523300628e-06,1.5699200523300628e-06
334.1645885286783,8.438076167176888e-07,1.4245408295780135e-05,1.4245408295780135e-05,2.984276239337128e-07,9.354988120656725e-08,9.354988120656725e-08,3.5049934585294897e-07,8.885058189214588e-08,8.885058189214588e-08,3.985096358653664e-06,4.3105627757900964e-07,4.3105627757900964e-07,7.796207954265038e-07,1.438656297595589e-07,1.438656297595589e-07,6.2272104660963745e-06,1.4218766026985878e-06,1.4218766026985878e-06
336.6583541147132,7.304679862764231e-07,1.2331975328667154e-05,1.2331975328667154e-05,2.5168480736538874e-07,7.889713264533363e-08,7.889713264533363e-08,3.398395522278051e-07,8.614835469072454e-08,8.614835469072454e-08,3.872110060246773e-06,4.1883487843945166e-07,4.1883487843945166e-07,7.518754902631368e-07,1.387457101478517e-07,1.387457101478517e-07,5.653330221742761e-06,1.2908409011368793e-06,1.2908409011368793e-06
339.1521197007481,6.382921434450291e-07,1.0775835646912916e-05,1.0775835646912916e-05,2.11173805640955e-07,6.619790812675618e-08,6.619790812675618e-08,3.2953595413257475e-07,8.353642203756601e-08,8.353642203756601e-08,3.763754966232627e-06,4.0711442320352333e-07,4.0711442320352333e-07,7.257412896191047e-07,1.339230922084989e-07,1.339230922084989e-07,5.1438029162080065e-06,1.1744990883588576e-06,1.1744990883588576e-06
341.64588528678297,5.623161796218515e-07,9.493187085933297e-06,9.493187085933297e-06,1.7612947372398119e-07,5.521235308804228e-08,5.521235308804228e-08,3.1953579727160986e-07,8.100141086957873e-08,8.100141086957873e-08,3.660341933223005e-06,3.9592853632641326e-07,3.9592853632641326e-07,7.008004591515104e-07,1.2932069024206096e-07,1.2932069024206096e-07,4.690060160868825e-06,1.0708947199224068e-06,1.0708947199224068e-06
344.1396508728179,4.990314093906392e-07,8.424794986849093e-06,8.424794986849093e-06,1.4595717966921943e-07,4.575406471866686e-08,4.575406471866686e-08,3.098515618425994e-07,7.854648488118868e-08,7.854648488118868e-08,3.560930077059984e-06,3.8517544510647374e-07,3.8517544510647374e-07,6.771513203267076e-07,1.249566477867283e-07,1.249566477867283e-07,4.284963228804401e-06,9.783977900910857e-07,9.783977900910857e-07
346.6334164588528,4.4565000395188624e-07,7.523594404143244e-06,7.523594404143244e-06,1.201881852236834e-07,3.7676104852163174e-08,3.7676104852163174e-08,3.0045834387073516e-07,7.616533098599696e-08,7.616533098599696e-08,3.4659721838400516e-06,3.7490412609827847e-07,3.7490412609827847e-07,6.545653887809085e-07,1.2078880197681108e-07,1.2078880197681108e-07,3.922355824546153e-06,8.956026144844273e-07,8.956026144844273e-07
349.1271820448877,4.003769130823e-07,6.759280772135599e-06,6.759280772135599e-06,9.851640808613723e-08,3.088252405012934e-08,3.088252405012934e-08,2.9134931830755484e-07,7.385621905373514e-08,7.385621905373514e-08,3.374530475137742e-06,3.6501314253822265e-07,3.6501314253822265e-07,6.330394254340219e-07,1.168165550957016e-07,1.168165550957016e-07,3.596969907670255e-06,8.213063265120871e-07,8.213063265120871e-07
351.6209476309227,3.6159611878529283e-07,6.1045719998392705e-06,6.1045719998392705e-06,8.079054727405706e-08,2.5325893094200877e-08,2.5325893094200877e-08,2.8251198389209716e-07,7.161598005049795e-08,7.161598005049795e-08,3.287595288630168e-06,3.5560961637122874e-07,3.5560961637122874e-07,6.124868019021288e-07,1.1302392136277332e-07,1.1302392136277332e-07,3.304447816046993e-06,7.545139288380285e-07,7.545139288380285e-07
354.11471321695757,3.280640751498038e-07,5.538474179535673e-06,5.538474179535673e-06,6.702509459406765e-08,2.1010754817143553e-08,2.1010754817143553e-08,2.73933609569473e-07,6.944138669027645e-08,6.944138669027645e-08,3.2035519224824043e-06,3.4651888999815204e-07,3.4651888999815204e-07,5.927511765485247e-07,1.0938205061374885e-07,1.0938205061374885e-07,3.040860976785366e-06,6.943283992873752e-07,6.943283992873752e-07
356.60847880299247,2.9896055788782836e-07,5.0471400436187246e-06,5.0471400436187246e-06,5.7312340953301337e-08,1.7966040198217502e-08,1.7966040198217502e-08,2.6560318166345856e-07,6.732964703764245e-08,6.732964703764245e-08,3.1228611593420213e-06,3.377908049372292e-07,3.377908049372292e-07,5.73883047960888e-07,1.0590026149579736e-07,1.0590026149579736e-07,2.8028634252321773e-06,6.39985744274277e-07,6.39985744274277e-07
359.10224438902736,2.7350022044202495e-07,4.617311140586725e-06,4.617311140586725e-06,5.165331859264659e-08,1.6192072820109936e-08,1.6192072820109936e-08,2.5752827719396626e-07,6.528268184547661e-08,6.528268184547661e-08,3.0462434974271734e-06,3.2950329538426594e-07,3.2950329538426594e-07,5.558250326808462e-07,1.0256796487709351e-07,1.0256796487709351e-07,2.587626467959818e-06,5.9084008021686e-07,5.9084008021686e-07
361.5960099750623,2.510933173216318e-07,4.239031213657857e-06,4.239031213657857e-06,4.968655085549025e-08,1.5575538446560275e-08,1.5575538446560275e-08,2.496650131205763e-07,6.328936688851969e-08,6.328936688851969e-08,2.9717118692857326e-06,3.214414260347864e-07,3.214414260347864e-07,5.383918493700268e-07,9.935097026838403e-08,9.935097026838403e-08,2.392724073841412e-06,5.463374645568144e-07,5.463374645568144e-07
364.0897755610972,2.3131162157888024e-07,3.905070809585476e-06,3.905070809585476e-06,5.048579016815928e-08,1.582608074479073e-08,1.582608074479073e-08,2.4204611484147875e-07,6.135799796163189e-08,6.135799796163189e-08,2.9007973750465543e-06,3.1377081153464785e-07,3.1377081153464785e-07,5.217781354370054e-07,9.628519466101105e-08,9.628519466101105e-08,2.215627041747492e-06,5.05900397636936e-07,5.05900397636936e-07
366.5835411471321,2.1371153798735956e-07,3.607941023324071e-06,3.607941023324071e-06,5.305537081793893e-08,1.6631582465338473e-08,1.6631582465338473e-08,2.3461948995502533e-07,5.947536978995786e-08,5.947536978995786e-08,2.8323218379954e-06,3.0636401193684183e-07,3.0636401193684183e-07,5.056075701265216e-07,9.330119452195867e-08,9.330119452195867e-08,2.0549196673791267e-06,4.6920562768503114e-07,4.6920562768503114e-07
369.077306733167,1.980187998703313e-07,3.343011604192492e-06,3.343011604192492e-06,5.647987384326086e-08,1.7705081784830277e-08,1.7705081784830277e-08,2.2741935197818534e-07,5.765015540221298e-08,5.765015540221298e-08,2.76703227878009e-06,2.993018302912181e-07,2.993018302912181e-07,4.902071785366796e-07,9.045931671724418e-08,9.045931671724418e-08,1.9084667864943196e-06,4.3576562660241995e-07,4.3576562660241995e-07
371.57107231920196,1.8394792732291254e-07,3.1054629964949546e-06,3.1054629964949546e-06,6.0216784738168e-08,1.887651345623527e-08,1.887651345623527e-08,2.2040461783958041e-07,5.5871940357283235e-08,5.5871940357283235e-08,2.7036097484190264e-06,2.924415997242167e-07,2.924415997242167e-07,4.7524236411840564e-07,8.769781719959455e-08,8.769781719959455e-08,1.775169846165784e-06,4.0532955868784605e-07,4.0532955868784605e-07
374.06483790523686,1.712842158231109e-07,2.891670495360189e-06,2.891670495360189e-06,6.386295577464395e-08,2.001950036483632e-08,2.001950036483632e-08,2.135962604466011e-07,5.4146041227218385e-08,5.4146041227218385e-08,2.643075096790435e-06,2.858937425967724e-07,2.858937425967724e-07,4.6096388821193547e-07,8.50629696681517e-08,8.50629696681517e-08,1.653348050851186e-06,3.7751364313470654e-07,3.7751364313470654e-07
376.55860349127175,1.598703564528902e-07,2.6989783653793226e-06,2.6989783653793226e-06,6.728046289901881e-08,2.1090806637672778e-08,2.1090806637672778e-08,2.0695521029827218e-07,5.246255400524364e-08,5.246255400524364e-08,2.5853412806509176e-06,2.796488436945187e-07,2.796488436945187e-07,4.470235824005925e-07,8.249052562053939e-08,8.249052562053939e-08,1.5422532447741532e-06,3.521470514156231e-07,3.521470514156231e-07
379.0523690773067,1.4949350779611643e-07,2.523793355182008e-06,2.523793355182008e-06,7.031726259601875e-08,2.204277029022522e-08,2.204277029022522e-08,2.0050537962134396e-07,5.0827540372461234e-08,5.0827540372461234e-08,2.528671098103017e-06,2.7351899494298847e-07,2.7351899494298847e-07,4.33694118518692e-07,8.003080196132397e-08,8.003080196132397e-08,1.4406663721798088e-06,3.2895143307742236e-07,3.2895143307742236e-07
381.5461346633416,1.4010561060799367e-07,2.3653041144664216e-06,2.3653041144664216e-06,7.299797036162559e-08,2.2883107688340032e-08,2.2883107688340032e-08,1.9421426988213766e-07,4.9232762043515826e-08,4.9232762043515826e-08,2.4754374488091248e-06,2.677608659941758e-07,2.677608659941758e-07,4.2066908160689066e-07,7.762725507166888e-08,7.762725507166888e-08,1.3474182570003279e-06,3.076598268371468e-07,3.076598268371468e-07
384.0399002493765,1.315055894033512e-07,2.220116027768352e-06,2.220116027768352e-06,7.522887789466335e-08,2.3582443533820864e-08,2.3582443533820864e-08,1.8810262392916408e-07,4.7683477271189014e-08,4.7683477271189014e-08,2.423478549455599e-06,2.621406230372401e-07,2.621406230372401e-07,4.0825124397067877e-07,7.533575638119559e-08,7.533575638119559e-08,1.2624704737308498e-06,2.882634588904412e-07,2.882634588904412e-07
386.5336658354114,1.2367286019849465e-07,2.0878815902226264e-06,2.0878815902226264e-06,7.711991539499428e-08,2.417523829987247e-08,2.417523829987247e-08,1.8214557928159465e-07,4.617338348768707e-08,4.617338348768707e-08,2.3739804746854717e-06,2.567865603151666e-07,2.567865603151666e-07,3.961762557286596e-07,7.310752465884011e-08,7.310752465884011e-08,1.1840689494698874e-06,2.7036181680374783e-07,2.7036181680374783e-07
389.02743142144635,1.1649301729951502e-07,1.9666693712652074e-06,1.9666693712652074e-06,7.858936029720847e-08,2.4635873928135448e-08,2.4635873928135448e-08,1.7633134421188357e-07,4.4699491523796535e-08,4.4699491523796535e-08,2.325949953954231e-06,2.515912386433e-07,2.515912386433e-07,3.844509793543544e-07,7.094382625624494e-08,7.094382625624494e-08,1.1126043516095818e-06,2.5404410276917947e-07,2.5404410276917947e-07
391.52119700748125,1.098899831506609e-07,1.8551950072303108e-06,1.8551950072303108e-06,7.974204328199e-08,2.4997212315224893e-08,2.4997212315224893e-08,1.706775709104648e-07,4.3266276159314536e-08,4.3266276159314536e-08,2.2801949975667584e-06,2.4664205814523115e-07,2.4664205814523115e-07,3.731477098867861e-07,6.88580019813754e-08,6.88580019813754e-08,1.0465022782569054e-06,2.3895082914341183e-07,2.3895082914341183e-07
394.01496259351615,1.0380149517737708e-07,1.7524073630268182e-06,1.7524073630268182e-06,8.053439993568605e-08,2.5245597065434758e-08,2.5245597065434758e-08,1.6515739652687629e-07,4.1866927738465466e-08,4.1866927738465466e-08,2.2359284474417345e-06,2.418538742217177e-07,2.418538742217177e-07,3.6217426479774143e-07,6.683304113165396e-08,6.683304113165396e-08,9.862520107342261e-07,2.2519371491654504e-07,2.2519371491654504e-07
396.50872817955104,9.818138772223596e-08,1.657527056451642e-06,1.657527056451642e-06,8.10447008212767e-08,2.5405564117403163e-08,2.5405564117403163e-08,1.5978081427891859e-07,4.050397951338533e-08,4.050397951338533e-08,2.19360032107386e-06,2.3727536395573401e-07,2.3727536395573401e-07,3.515841738299401e-07,6.487882170186019e-08,6.487882170186019e-08,9.304578397476337e-07,2.124540738325123e-07,2.124540738325123e-07
399.002493765586,9.299584498836076e-08,1.5699831992788254e-06,1.5699831992788254e-06,8.126945202789038e-08,2.547601821412047e-08,2.547601821412047e-08,1.5453444288588644e-07,3.9174039367680234e-08,3.9174039367680234e-08,2.1527713278754245e-06,2.3285901056262254e-07,2.3285901056262254e-07,3.4131586683434934e-07,6.298398197830331e-08,6.298398197830331e-08,8.79497194635278e-07,2.0081808540106503e-07,2.0081808540106503e-07
401.4962593516209,8.818719559967652e-08,1.4888021663799735e-06,1.4888021663799735e-06,8.12326952216193e-08,2.5464495839566578e-08,2.5464495839566578e-08,1.4941350565750583e-07,3.787589642402503e-08,3.787589642402503e-08,2.113595385985431e-06,2.2862146291961968e-07,2.2862146291961968e-07,3.313531516414015e-07,6.114553397414963e-08,6.114553397414963e-08,8.323482356211474e-07,1.9005243005204772e-07,1.9005243005204772e-07
403.9900249376558,8.371854852981283e-08,1.4133611526005879e-06,1.4133611526005879e-06,8.09847030213314e-08,2.538675625041165e-08,2.538675625041165e-08,1.4441748130741138e-07,3.660941853781677e-08,3.660941853781677e-08,2.0758769000764307e-06,2.2454156404928396e-07,2.2454156404928396e-07,3.217061300930521e-07,5.936534181085816e-08,5.936534181085816e-08,7.890545777290807e-07,1.8016706652738185e-07,1.8016706652738185e-07
406.48379052369074,7.956431640857334e-08,1.3432281844333891e-06,1.3432281844333891e-06,8.049077388165632e-08,2.5231921346953353e-08,2.5231921346953353e-08,1.3953616997829589e-07,3.5372020074395394e-08,3.5372020074395394e-08,2.039711987468794e-06,2.2062971068248488e-07,2.2062971068248488e-07,3.123161778481382e-07,5.7632587372993666e-08,5.7632587372993666e-08,7.492524152509309e-07,1.7107892603933993e-07,1.7107892603933993e-07
408.97755610972564,7.568935953650376e-08,1.2778100231398315e-06,1.2778100231398315e-06,7.984022577466694e-08,2.5027990164826822e-08,2.5027990164826822e-08,1.3477897253491398e-07,3.416608412609367e-08,3.416608412609367e-08,2.0049691264631613e-06,2.1687167649969475e-07,2.1687167649969475e-07,3.032928514436065e-07,5.596748743809026e-08,5.596748743809026e-08,7.1240164929345e-07,1.626646862779352e-07,1.626646862779352e-07
411.47132169576054,7.208472697749551e-08,1.2169555563846267e-06,1.2169555563846267e-06,7.898373870378414e-08,2.4759502071533406e-08,2.4759502071533406e-08,1.3012215739881434e-07,3.2985594805636566e-08,3.2985594805636566e-08,1.97170272731487e-06,2.132733468999145e-07,2.132733468999145e-07,2.9449510696651333e-07,5.4344014774090485e-08,5.4344014774090485e-08,6.787620977373836e-07,1.5498367219574578e-07,1.5498367219574578e-07
413.96508728179543,6.870194496908105e-08,1.1598464358567354e-06,1.1598464358567354e-06,7.798950722031452e-08,2.4447834418437487e-08,2.4447834418437487e-08,1.2557538216015672e-07,3.1833000284512925e-08,3.1833000284512925e-08,1.9395440326456046e-06,2.0979483447051448e-07,2.0979483447051448e-07,2.859503866058168e-07,5.276723336571563e-08,5.276723336571563e-08,6.474441657425588e-07,1.4783276008336596e-07,1.4783276008336596e-07
416.4588528678304,6.555238488587046e-08,1.106674636445926e-06,1.106674636445926e-06,7.68415250939107e-08,2.408796963736684e-08,2.408796963736684e-08,1.2113251264750937e-07,3.0706745567805955e-08,3.0706745567805955e-08,1.908958225193923e-06,2.0648645667477045e-07,2.0648645667477045e-07,2.7770222962693593e-07,5.124517763672082e-08,5.124517763672082e-08,6.188771039908969e-07,1.413099619647412e-07,1.413099619647412e-07
418.9526184538653,6.258636982499105e-08,1.056601498071072e-06,1.056601498071072e-06,7.556817324195701e-08,2.368880446319754e-08,2.368880446319754e-08,1.1678648593219839e-07,2.9605040223293845e-08,2.9605040223293845e-08,1.8793339157357526e-06,2.0328208131928926e-07,2.0328208131928926e-07,2.696731214035437e-07,4.976354359393717e-08,4.976354359393717e-08,5.923190615281329e-07,1.3524588891038184e-07,1.3524588891038184e-07
421.4463840399002,5.982511534943812e-08,1.0099851881048137e-06,1.0099851881048137e-06,7.417430940791067e-08,2.325186168164683e-08,2.325186168164683e-08,1.1253884561899661e-07,2.8528275550372446e-08,2.8528275550372446e-08,1.851263664804935e-06,2.002458039528281e-07,2.002458039528281e-07,2.61910196149977e-07,4.833102904720835e-08,4.833102904720835e-08,5.679741749452961e-07,1.2968715200628203e-07,1.2968715200628203e-07
423.9401496259351,5.7215114917470715e-08,9.659223933765957e-07,9.659223933765957e-07,7.268451431987898e-08,2.2784846759668797e-08,2.2784846759668797e-08,1.0838133754256635e-07,2.7474359141732114e-08,2.7474359141732114e-08,1.8241163249277136e-06,1.9730935518961658e-07,1.9730935518961658e-07,2.543730020470991e-07,4.694016930797147e-08,4.694016930797147e-08,5.454773440293288e-07,1.2455038688674176e-07,1.2455038688674176e-07
426.43391521197003,5.4766232502971615e-08,9.245796403938776e-07,9.245796403938776e-07,7.107379585944368e-08,2.2279925269343167e-08,2.2279925269343167e-08,1.0431884937970648e-07,2.644453000946466e-08,2.644453000946466e-08,1.798279416185315e-06,1.9451465194926394e-07,1.9451465194926394e-07,2.471057894818179e-07,4.559913002524068e-08,4.559913002524068e-08,5.248438222160711e-07,1.1983907641196774e-07,1.1983907641196774e-07
428.9276807980049,5.246740006304771e-08,8.857700752021274e-07,8.857700752021274e-07,6.94217913780801e-08,2.1762061604622212e-08,2.1762061604622212e-08,1.0033447831326206e-07,2.5434503337756283e-08,2.5434503337756283e-08,1.773459962383192e-06,1.9183000384928632e-07,1.9183000384928632e-07,2.4000460023951994e-07,4.4288727495731316e-08,4.4288727495731316e-08,5.056154223754429e-07,1.1544860141685149e-07,1.1544860141685149e-07
431.4214463840398,5.029611315348225e-08,8.491137711569471e-07,8.491137711569471e-07,6.764557792369543e-08,2.1205261414797623e-08,2.1205261414797623e-08,9.64440564479761e-08,2.4448292519886147e-08,2.4448292519886147e-08,1.7498074556624778e-06,1.8927158101960896e-07,1.8927158101960896e-07,2.332064078188703e-07,4.303423782644488e-08,4.303423782644488e-08,4.882465946681818e-07,1.1148272779370753e-07,1.1148272779370753e-07
433.9152119700748,4.8256279204378196e-08,8.146766946422623e-07,8.146766946422623e-07,6.583994764102967e-08,2.0639239756950418e-08,2.0639239756950418e-08,9.262412463703726e-08,2.347995072922092e-08,2.347995072922092e-08,1.727151640625634e-06,1.8682096742927668e-07,1.8682096742927668e-07,2.2652374188565994e-07,4.180106658653701e-08,4.180106658653701e-08,4.7171488936851056e-07,1.0770799670082287e-07,1.0770799670082287e-07
436.4089775561097,4.634967983944874e-08,7.824889235534619e-07,7.824889235534619e-07,6.394744757771786e-08,2.0045986512587337e-08,2.0045986512587337e-08,8.889542286482785e-08,2.2534735492493842e-08,2.2534735492493842e-08,1.7056525072986333e-06,1.8449546873387182e-07,1.8449546873387182e-07,2.2017677000364736e-07,4.062984191907234e-08,4.062984191907234e-08,4.5710860225435415e-07,1.0437290179548947e-07,1.0437290179548947e-07
438.9027431421446,4.4515930562219076e-08,7.515310290658039e-07,7.515310290658039e-07,6.20083107930883e-08,1.9438113777971878e-08,1.9438113777971878e-08,8.52333096057806e-08,2.1606400253438065e-08,2.1606400253438065e-08,1.68494197986209e-06,1.8225527124301107e-07,1.8225527124301107e-07,2.1393334007032274e-07,3.9477724140164136e-08,3.9477724140164136e-08,4.431441966591609e-07,1.0118436951534552e-07,1.0118436951534552e-07
441.39650872817947,4.2825515026194054e-08,7.229929369425337e-07,7.229929369425337e-07,6.004154575088878e-08,1.8821580249226352e-08,1.8821580249226352e-08,8.165962380889135e-08,2.0700481123173772e-08,2.0700481123173772e-08,1.6655148672974166e-06,1.8015389700445546e-07,1.8015389700445546e-07,2.0805288152333474e-07,3.8392586497479025e-08,3.8392586497479025e-08,4.306784924404572e-07,9.833803996518229e-08,9.833803996518229e-08
443.8902743142144,4.1196149496614773e-08,6.95485508979019e-07,6.95485508979019e-07,5.801554660257319e-08,1.818647825313356e-08,1.818647825313356e-08,7.814435140945034e-08,1.9809369622124717e-08,1.9809369622124717e-08,1.646768209944909e-06,1.7812612562626193e-07,1.7812612562626193e-07,2.022037100320643e-07,3.7313222343649693e-08,3.7313222343649693e-08,4.1894401131969534e-07,9.56586726559738e-08,9.56586726559738e-08
446.3840399002493,3.969965808438399e-08,6.702213009344399e-07,6.702213009344399e-07,5.5965959147761135e-08,1.754398189038824e-08,1.754398189038824e-08,7.471343809059192e-08,1.893964290677165e-08,1.893964290677165e-08,1.629224591131489e-06,1.762284834263296e-07,1.762284834263296e-07,1.9672359025597164e-07,3.6301960346316644e-08,3.6301960346316644e-08,4.0815317739557285e-07,9.319477098381238e-08,9.319477098381238e-08
448.8778054862842,3.8261747336414664e-08,6.459460688887841e-07,6.459460688887841e-07,5.3881317414854056e-08,1.6890496854716655e-08,1.6890496854716655e-08,7.134631082555977e-08,1.8086085773662098e-08,1.8086085773662098e-08,1.612403106397646e-06,1.7440895236857315e-07,1.7440895236857315e-07,1.9130898553736605e-07,3.530278802778566e-08,3.530278802778566e-08,3.9836680244831085e-07,9.096022027470967e-08,9.096022027470967e-08
451.3715710723191,3.692479178846485e-08,6.233751922143851e-07,6.233751922143851e-07,5.1767562174376056e-08,1.6227885434768484e-08,1.6227885434768484e-08,6.805639723902027e-08,1.7252102087251597e-08,1.7252102087251597e-08,1.596551884670477e-06,1.7269437183704957e-07,1.7269437183704957e-07,1.8623959279761737e-07,3.436731865180076e-08,3.436731865180076e-08,3.8927863726505464e-07,8.888509377852229e-08,8.888509377852229e-08
453.86533665835407,3.564836947299866e-08,6.018262553697625e-07,6.018262553697625e-07,4.966114835976955e-08,1.5567575375227613e-08,1.5567575375227613e-08,6.483881399057533e-08,1.6436453934713544e-08,1.6436453934713544e-08,1.5816476055050193e-06,1.710822193270834e-07,1.710822193270834e-07,1.813245920189987e-07,3.34603396609468e-08,3.34603396609468e-08,3.8106595423586056e-07,8.700986860215034e-08,8.700986860215034e-08
456.35910224438896,3.447216073158906e-08,5.819691535488254e-07,5.819691535488254e-07,4.7521052556926276e-08,1.4896706822619588e-08,1.4896706822619588e-08,6.168557141665025e-08,1.563711595917885e-08,1.563711595917885e-08,1.5675234088240007e-06,1.6955444606963308e-07,1.6955444606963308e-07,1.7662828233288096e-07,3.259371635574157e-08,3.259371635574157e-08,3.7339661722107635e-07,8.525870716013668e-08,8.525870716013668e-08
458.85286783042386,3.334931548919405e-08,5.630129500090763e-07,5.630129500090763e-07,4.539619489435327e-08,1.4230615060421588e-08,1.4230615060421588e-08,5.861496887619706e-08,1.4858726995813338e-08,1.4858726995813338e-08,1.5543672144371746e-06,1.681313788037246e-07,1.681313788037246e-07,1.7219062190840566e-07,3.177482233011857e-08,3.177482233011857e-08,3.6643585498055735e-07,8.366933660318711e-08,8.366933660318711e-08
461.3466334164588,3.2316329638106803e-08,5.455737791353378e-07,5.455737791353378e-07,4.3247072425021955e-08,1.3556916865012686e-08,1.3556916865012686e-08,5.56064369767082e-08,1.4096072762436202e-08,1.4096072762436202e-08,1.54198420054144e-06,1.667919442217945e-07,1.667919442217945e-07,1.6787583013406438e-07,3.097860160391619e-08,3.097860160391619e-08,3.6004382669884866e-07,8.220982668184561e-08,8.220982668184561e-08
463.8403990024937,3.134007430502402e-08,5.290923495474013e-07,5.290923495474013e-07,4.113134240282835e-08,1.2893686398501505e-08,1.2893686398501505e-08,5.268902589929245e-08,1.3356517396887149e-08,1.3356517396887149e-08,1.5304391855389767e-06,1.6554315354180276e-07,1.6554315354180276e-07,1.6391679816628488e-07,3.024803024073028e-08,3.024803024073028e-08,3.542920631072303e-07,8.08965102105778e-08,8.08965102105778e-08
466.3341645885286,3.0440336560906655e-08,5.139027123953534e-07,5.139027123953534e-07,3.9011666091278115e-08,1.2229218865207922e-08,1.2229218865207922e-08,4.98433026536959e-08,1.2635134691707038e-08,1.2635134691707038e-08,1.5197702874884006e-06,1.6438912988323682e-07,1.6438912988323682e-07,1.6006862463224417e-07,2.9537915897774657e-08,2.9537915897774657e-08,3.4900239323014723e-07,7.968870490591161e-08,7.968870490591161e-08
468.8279301745635,2.9604608026151547e-08,4.997936975368117e-07,4.997936975368117e-07,3.6932216498996253e-08,1.1577361440721565e-08,1.1577361440721565e-08,4.709065804233307e-08,1.19373471541392e-08,1.19373471541392e-08,1.5097773180443312e-06,1.6330821945527001e-07,1.6330821945527001e-07,1.5656032986005507e-07,2.889052034375145e-08,2.889052034375145e-08,3.4419639392904206e-07,7.85913374737312e-08,7.85913374737312e-08
471.32169576059846,2.8833527113442507e-08,4.867760828424208e-07,4.867760828424208e-07,3.48657589171021e-08,1.092957669895936e-08,1.092957669895936e-08,4.4430075826588817e-08,1.1262897170600714e-08,1.1262897170600714e-08,1.5007386453535856e-06,1.6233053253036862e-07,1.6233053253036862e-07,1.532242537872246e-07,2.8274904793269644e-08,2.8274904793269644e-08,3.3989353022659826e-07,7.760885241779553e-08,7.760885241779553e-08
473.81546134663336,2.812857501959953e-08,4.7487487431242224e-07,4.7487487431242224e-07,3.2856068831659586e-08,1.029958720175074e-08,1.029958720175074e-08,4.186989405963221e-08,1.0613898413726593e-08,1.0613898413726593e-08,1.4923808263580936e-06,1.6142649156858544e-07,1.6142649156858544e-07,1.5014759861136437e-07,2.7707160914418907e-08,2.7707160914418907e-08,3.360196005143548e-07,7.672430707468772e-08,7.672430707468772e-08
476.30922693266825,2.7489625949205416e-08,4.640879482315943e-07,4.640879482315943e-07,3.090546430148397e-08,9.68811960477167e-09,1e-08,3.9429495740263006e-08,9.995264418285302e-09,1e-08,1.48486957235487e-06,1.6061402107874416e-07,1.6061402107874416e-07,1.4735276963621316e-07,2.719142322124921e-08,2.719142322124921e-08,3.326258845706442e-07,7.59494103014312e-08,7.59494103014312e-08
478.80299251870315,2.6911127564365634e-08,4.5432156839901073e-07,4.5432156839901073e-07,2.902275390601556e-08,9.097935185779813e-09,1e-08,3.711426822836266e-08,9.408360864601194e-09,1e-08,1.4781484207161837e-06,1.5988701366269388e-07,1.5988701366269388e-07,1.4476125981405255e-07,2.6713204586266216e-08,2.6713204586266216e-08,3.295627572404322e-07,7.524999776260219e-08,7.524999776260219e-08
481.2967581047381,2.639628765521976e-08,4.456298896710157e-07,4.456298896710157e-07,2.7228812930840433e-08,8.535577844636006e-09,1e-08,3.494774302705693e-08,8.85915292142639e-09,1e-08,1.4720431287832787e-06,1.5922662199903526e-07,1.5922662199903526e-07,1.424820765562531e-07,2.629262045530883e-08,2.629262045530883e-08,3.2679845711727097e-07,7.461881728631042e-08,7.461881728631042e-08
483.790523690773,2.595226542794981e-08,4.3813377587144285e-07,4.3813377587144285e-07,2.5550435152495577e-08,8.009446785740535e-09,1e-08,3.295451053336957e-08,8.353874184088156e-09,1e-08,1.4669590512377328e-06,1.5867669212420373e-07,1.5867669212420373e-07,1.404637571736559e-07,2.5920174272835694e-08,2.5920174272835694e-08,3.245581761275892e-07,7.410728758291569e-08,7.410728758291569e-08
486.2842892768079,2.5564463373107067e-08,4.315867875535765e-07,4.315867875535765e-07,2.4008388452359385e-08,7.52605224031882e-09,1e-08,3.1148065477434494e-08,7.895945528086156e-09,1e-08,1.4623328287189713e-06,1.58176287095387e-07,1.58176287095387e-07,1.3868580880368227e-07,2.5592084432971554e-08,2.5592084432971554e-08,3.2255655748387324e-07,7.365025232892512e-08,7.365025232892512e-08
488.77805486284285,2.524096097972375e-08,4.261253250269242e-07,4.261253250269242e-07,2.2654761328558462e-08,7.1017226995063e-09,1e-08,2.9582501213501454e-08,7.499079464038323e-09,1e-08,1.4587960994077338e-06,1.5779372937670195e-07,1.5779372937670195e-07,1.3730763683957191e-07,2.5337766463650023e-08,2.5337766463650023e-08,3.210316775406999e-07,7.330207217266943e-08,7.330207217266943e-08
491.27182044887775,2.4992711698320694e-08,4.219343076638945e-07,4.219343076638945e-07,2.1497085213436157e-08,6.738819086168455e-09,1e-08,2.8253968192334126e-08,7.162300142221354e-09,1e-08,1.4556336462340265e-06,1.5745165601877273e-07,1.5745165601877273e-07,1.3602610377752437e-07,2.510128154417285e-08,2.510128154417285e-08,3.1973471261653534e-07,7.300593249821479e-08,7.300593249821479e-08
493.76558603491264,2.4784709650197588e-08,4.184227559272579e-07,4.184227559272579e-07,2.0580520564965768e-08,6.451498117511781e-09,1e-08,2.723800911185034e-08,6.904757420536886e-09,1e-08,1.4535276554552503e-06,1.5722385712408762e-07,1.5722385712408762e-07,1.3525343984669814e-07,2.4958699684308527e-08,2.4958699684308527e-08,3.187187765160869e-07,7.277396093102123e-08,7.277396093102123e-08
496.25935162094754,2.4671915447896196e-08,4.1651853103837815e-07,4.1651853103837815e-07,1.9954033355569405e-08,6.25510944797802e-09,1e-08,2.6523647803513678e-08,6.7236688716481925e-09,1e-08,1.4519602597864849e-06,1.5705431649528844e-07,1.5705431649528844e-07,1.3454810306359274e-07,2.4828541893380793e-08,2.4828541893380793e-08,3.181370234285113e-07,7.264112760086883e-08,7.264112760086883e-08
498.7531172069825,2.4595520952030857e-08,4.1522881669639903e-07,4.1522881669639903e-07,1.9626910985632898e-08,6.1525644541728605e-09,1e-08,2.616896659710799e-08,6.633758200064301e-09,1e-08,1.45130492470301e-06,1.5698343080615418e-07,1.5698343080615418e-07,1.3430017253699577e-07,2.4782790572283746e-08,2.4782790572283746e-08,3.1779645817149523e-07,7.256336537117071e-08,7.256336537117071e-08
